{
  "height": [
    1, 2, 3, 4, 6, 8, 9, 11, 12.03571429, 13.48809524, 14.94047619, 16.39285714,
    17.8452381, 19.29761905
  ],

  "branch": [0, 0, 0, 0, 1, 1, 1, 1, 1, 2, 2, 2, 3]
}
